{"ImageDefaults":null,"HISTDATA":[{"MLS_NUMBER":"98728999","DATE_STAT":"2019-08-19T15:23:00","STAT_CODE":"Price change","PRICE_CURRENT":240000.0,"GROUP":0},{"MLS_NUMBER":"98728999","DATE_STAT":"2019-06-14T00:01:00","STAT_CODE":"Status change: Active","PRICE_CURRENT":249900.0,"GROUP":0},{"MLS_NUMBER":"98728999","DATE_STAT":"2019-06-11T11:14:00","STAT_CODE":"Status change: Price Change,Price change","PRICE_CURRENT":249900.0,"GROUP":0},{"MLS_NUMBER":"98728999","DATE_STAT":"2019-05-14T00:01:00","STAT_CODE":"Status change: Active","PRICE_CURRENT":259900.0,"GROUP":0},{"MLS_NUMBER":"98728999","DATE_STAT":"2019-05-11T05:54:00","STAT_CODE":"First entry","PRICE_CURRENT":259900.0,"GROUP":0}],"PROP_INFO":{"LISTING_ID":98728999,"DISPLAY_ID":"98728999","STREET_NUM":"108","STREET_TYP":null,"ADDRESS":"108 Elmore Avenue","STREET":null,"PARTLIST":"","STATE":"ID","CITY":"Nampa","BDRMS":"","BEDROOMSORT":0,"photokey":0,"SOLDDATE":"","BATHS_FULL":"","BATHS_PART":null,"COUNTY":"","SQFTLABEL":"Apx SqFt","SQFT":"","GeographyValue":{"_geometry":{"m_points":[{"x":43.575371,"y":-116.573253}],"m_zValues":null,"m_mValues":null,"m_figures":[{"pointOffset":0,"figureAttribute":1}],"m_shapes":[{"figureOffset":0,"parentOffset":-1,"type":1}],"m_segments":null,"m_fValid":true,"m_isLargerThanAHemisphere":false,"m_isKatmaiCompatible":true},"_isNull":false,"_srid":4326},"PRICE_CURRENT":240000.0,"PRICE_PREV":249900.0,"PHOTO_YN":"Y","PHOTO_NO":27,"PROP_TYPE":1,"DOM":101,"DATE_ENTRY":null,"REMARKS_GENERAL":"This charming cottage on .29-acre lot in DT Nampa features beautifully-landscaped yard, flower gardens,a roomy great room, gas fireplace, quaint kitchen, generous master bedroom, laundry/utility & storage space.The fully-fenced back yard is adorned w/a gazebo, trellis, pond, hot tub, tiled patio w/breezeway, paved driveway & storage shed. A peaceful retreat within walking distance to downtown. Space to add garage/shop, living area. Don't miss this tidy two-story, slightly vintage charmer!","STATUS":"1","STATUS_LONG":"Active","STATUS_COLOR":"#00803c","PROP_TYPE_LONG":"Residential","ZIP":"83651","AREA":"28","Latitude":43.575371,"Longitude":-116.573253,"LISTING_STATUS":3,"MATCHDATE":"2019-05-11T00:00:00","STATUSCOMBO":"","CHANGE_TYPE":"","OPENDATE":null,"OPENTIME":"","TIMEZONE":"","OPENHOUSES":[],"MD5Hash":"7b2d8126-9a96-46fd-86ea-af76f11f2228","AGENT_PICK":false,"IMAGES":null,"ThumbnailOptions":[],"DetailOptions":[{"SectionId":1428800,"SectionName":"Property Information","Type":"twocolumn","Columns":2,"Data":[{"Label":"MLS #","Value":"98728999","Url":"","Type":""},{"Label":"Class","Value":"Residential","Url":"","Type":""},{"Label":"Type","Value":"Single Family","Url":"","Type":""},{"Label":"Area","Value":"Nampa South (86) - 1260","Url":"","Type":""},{"Label":"Asking Price","Value":"$240,000","Url":"","Type":""},{"Label":"Address","Value":"108 Elmore Avenue","Url":"","Type":""},{"Label":"City","Value":"Nampa","Url":"","Type":""},{"Label":"State","Value":"ID","Url":"","Type":""},{"Label":"Zip","Value":"83651","Url":"","Type":""},{"Label":"Status","Value":"Active","Url":"","Type":""},{"Label":"Land Size","Value":"10000 SF - .49 AC","Url":"","Type":""},{"Label":"Garage Capacity","Value":"1","Url":"","Type":""},{"Label":"Age","Value":"51 - 80 Years","Url":"","Type":""},{"Label":"Subdivision","Value":"Fairview Place","Url":"","Type":""},{"Label":"# Acres","Value":"0.290","Url":"","Type":""}],"RugData":[]},{"SectionId":1456074,"SectionName":"Property Remarks","Type":"remarks","Columns":0,"Data":[{"Label":"Remarks","Value":"This charming cottage on .29-acre lot in DT Nampa features beautifully-landscaped yard, flower gardens,a roomy great room, gas fireplace, quaint kitchen, generous master bedroom, laundry/utility & storage space.The fully-fenced back yard is adorned w/a gazebo, trellis, pond, hot tub, tiled patio w/breezeway, paved driveway & storage shed. A peaceful retreat within walking distance to downtown. Space to add garage/shop, living area. Don't miss this tidy two-story, slightly vintage charmer!","Url":"","Type":""}],"RugData":[]},{"SectionId":1428801,"SectionName":"Schools","Type":"twocolumn","Columns":2,"Data":[{"Label":"School District","Value":"Nampa School District #131","Url":"","Type":""},{"Label":"Assigned Grade School","Value":"Central","Url":"","Type":""},{"Label":"Assigned Jr High","Value":"West Middle Nam","Url":"","Type":""},{"Label":"Assigned Sr High","Value":"Nampa","Url":"","Type":""}],"RugData":[]},{"SectionId":1428802,"SectionName":"Features","Type":"features","Columns":2,"Data":[{"Label":"CONSTRUCTION","Value":"Frame, Vinyl/Metal Siding","Url":"","Type":""},{"Label":"COOLING","Value":"Central Air","Url":"","Type":""},{"Label":"FIREPLACE","Value":"Gas","Url":"","Type":""},{"Label":"GARAGE TYPE","Value":"Detached","Url":"","Type":""},{"Label":"HEATING","Value":"Forced Air, Gas, Hot Water","Url":"","Type":""},{"Label":"INCLUDED KITCHEN FEATURES","Value":"Dishwasher, Disposal, Microwave, Oven/Range Freestanding, Water Softener Own","Url":"","Type":""},{"Label":"LAND USE","Value":"Single","Url":"","Type":""},{"Label":"LOT FEATURES","Value":"Abandoned Septic, Fenced Part, Garden Space, Irrigation Available, R.V. Parking, Storage Shed, Alley Access, Finished Driveway","Url":"","Type":""},{"Label":"POOL/SPA","Value":"Hot Tub/Spa","Url":"","Type":""},{"Label":"ROOF","Value":"Composition Shingle","Url":"","Type":""},{"Label":"SEWER","Value":"Yes Connected","Url":"","Type":""},{"Label":"SPRINKLER SYSTEM","Value":"Manual, Irrigation","Url":"","Type":""},{"Label":"STRUCTURE FEATURES","Value":"Covered Patio/Deck, Hardwood, Family Room, Renovated, Carpet","Url":"","Type":""},{"Label":"WATER","Value":"City Service","Url":"","Type":""},{"Label":"WATER HEATER","Value":"Electric","Url":"","Type":""},{"Label":"TERMS","Value":"Cash, Conventional, Fed. Housing Admin., ID Housing & Finance Agnc","Url":"","Type":""}],"RugData":[]},{"SectionId":1428803,"SectionName":"Miscellaneous","Type":"twocolumn","Columns":2,"Data":[{"Label":"Zoning","Value":"Residential","Url":"","Type":""},{"Label":"Assoc Setup/Transfer Fees","Value":"0","Url":"","Type":""},{"Label":"Tax Year","Value":"2018","Url":"","Type":""},{"Label":"Association Fees$","Value":"$0.00","Url":"","Type":""},{"Label":"Association Frequency","Value":"Not Applicable","Url":"","Type":""},{"Label":"Taxes","Value":"$1,667.00","Url":"","Type":""}],"RugData":[]}],"IsSharable":true,"IsSchedulable":true,"Folders":[],"FormatedCityStateZip":"Nampa, ID 83651"},"URLFORFACEBOOK":null,"Disclaimer":"This information is not guaranteed. Equal Housing Opportunity. Copyright 2019 Intermountain MLS. All Rights Reserved","PROP_TYPE_DEFAULT":null,"MlsLabelText":"MLS","Viewable":true,"ListingAgent":{"AgentId":715,"AgentName":"Cathy Smith","AgentEmail":"clsmithre@gmail.com","AgentOffice":"Berkshire Hathaway Home Services Idaho Realty","AgentLicenseNumber":"SP22732","AgentLicenseLabel":"Agent License: #","MlsName":"Intermountain MLS, Inc."},"ShowCourtesyOf":false,"IsAssocDocsAvailable":true,"OpenHouseData":null,"AssociatedDocs":null,"SellerInfos":null,"BrandingBlocks":null,"Photos":null,"mortgageCalculator":{"enabled":true,"url":null},"Avm":{"enabled":false,"bkfsEnabled":false,"rprEnabled":false,"zillowEnabled":false},"NextCallToken":"6954c87212c547ed918464c0cadddb8a","Message":null,"Data":null,"someErrors":false,"isError":false,"ErrorMessage":null,"ExecutionTime":"00:00:00.8166616"}